,p_values,scores
GCS Total_15,1.70049312866e-133,604.566409353
GCS Total_3,4.20990603145e-131,593.561335035
GCS Total_6,1.42714550731e-65,292.487923
GCS Total_4,1.09345618198e-62,279.251071572
GCS Total_5,3.38566893178e-47,208.204299971
GCS Total_7,1.46275943452e-42,186.963444765
GCS Total_8,9.74894610864e-28,119.142099028
GCS Total_9,1.19604034646e-09,36.9758082118
