,p_values,scores
pH_mean_Q0,6.22356158602e-11,42.7489394883
pH_min_Q0,7.45244242301e-09,33.4129928466
pH_min_Q2,1.28951627663e-05,19.0259670354
pH_mean_Q2,2.3019559679e-05,17.9215843077
pH_med_Q0,2.47744235954e-05,17.7817810026
pH_first_Q0,3.80161165301e-05,16.9679529059
pH_max_Q0,8.72284576918e-05,15.3947901787
O2sat_max_Q0,0.000234809837303,13.5297618836
pH_med_Q1,0.000267789629952,13.2832377148
Lac_first_Q3,0.000681396359984,11.539317881
