,p_values,scores
Creat_abnflag,3.32722434835e-63,281.622255757
Lac_abnflag,1.03008450532e-12,50.7859499489
